,precision,recall,f1-score,support
no,0.9340309974831104,0.9648330596606459,0.9491822036750354,7308.0
yes,0.6259097525473072,0.46336206896551724,0.5325077399380805,928.0
accuracy,0.9083292860611948,0.9083292860611948,0.9083292860611948,0.9083292860611948
macro avg,0.7799703750152087,0.7140975643130816,0.740844971806558,8236.0
weighted avg,0.8993131107297804,0.9083292860611948,0.9022329683243926,8236.0
